,void,int,=,,,!=,*,>=,==,eqExpAtom,initVal,assignExpAtom,mulExp,constExp,<=,unaryExp,blockItem,{,funcFParam,relExpAtom,funcRParam,exp,return,(,constDecl,IDN,argFunctionF,),$,compUnit,%,argFunctionR,relExp,const,#,eqExp,argConst,constInitVal,-,varDecl,addExp,block,<,number,mulExpAtom,},argVarDef,bType,argExp,funcDef,FLOAT,decl,argVarDecl,funcFParams,;,addExpAtom,stmt,funcType,program,constDef,callFunc,funcRParams,>,assignExp,INT,+,/,varDef,float,
124,error,r35,error,error,error,error,error,error,error,error,error,error,error,error,error,error,r35,error,error,error,error,r35,error,error,r35,error,error,error,error,error,error,error,r35,error,error,error,error,error,error,error,error,error,error,error,r35,error,error,error,error,r35,error,error,error,r35,error,error,error,error,error,error,error,error,error,r35,error,error,error,r35,
123,error,error,error,error,error,error,error,error,error,error,error,error,error,error,error,error,error,error,error,error,error,error,error,error,error,error,r41,error,error,error,error,error,error,error,error,error,error,error,error,error,error,error,error,error,error,error,error,error,error,error,error,error,error,error,error,error,error,error,error,error,error,error,error,error,error,error,error,error,
122,error,error,error,error,error,error,error,error,error,error,error,error,error,error,error,error,error,error,error,error,error,error,error,error,error,error,error,error,error,error,error,error,error,error,error,error,error,error,error,error,error,error,error,error,r30,error,error,error,error,error,error,error,error,error,error,error,error,error,error,error,error,error,error,error,error,error,error,error,
121,error,error,error,error,error,error,error,error,error,error,error,error,error,error,error,error,error,error,error,error,error,error,error,error,error,error,error,error,error,error,error,error,error,error,error,error,error,error,error,error,error,error,error,error,r29,error,error,error,error,error,error,error,error,error,error,error,error,error,error,error,error,error,error,error,error,error,error,error,
120,error,r32,error,error,error,error,error,error,error,error,error,error,error,error,error,error,r32,error,error,error,error,r32,error,error,r32,error,error,error,error,error,error,error,r32,error,error,error,error,error,error,error,error,error,error,error,r32,error,error,error,error,r32,error,error,error,r32,error,error,error,error,error,error,error,error,error,r32,error,error,error,r32,
119,error,error,error,error,error,error,error,error,error,error,error,error,error,error,error,error,error,error,error,error,error,error,error,error,error,error,error,error,error,error,error,error,error,error,error,error,error,error,error,error,error,error,error,error,error,error,error,error,error,error,error,error,error,s124,error,error,error,error,error,error,error,error,error,error,error,error,error,error,
118,error,error,error,error,error,error,error,error,error,error,error,error,error,error,error,error,error,error,error,error,error,error,error,error,error,error,error,error,error,error,error,error,error,error,error,error,error,error,error,error,error,error,error,error,error,error,error,error,error,error,error,error,error,r43,error,error,error,error,error,error,error,error,error,error,error,error,error,error,
117,r28,r28,error,error,error,error,error,error,error,error,error,error,error,error,error,error,r28,error,error,error,error,r28,error,error,r28,error,error,error,error,error,error,error,r28,r28,error,error,error,error,error,error,error,error,error,error,r28,error,error,error,error,r28,error,error,error,r28,error,error,error,error,error,error,error,error,error,r28,error,error,error,r28,
116,error,error,error,s94,error,error,error,error,error,error,error,error,error,error,error,error,error,error,error,error,error,error,error,error,error,error,r42,error,error,error,error,error,error,error,error,error,error,error,error,error,error,error,error,error,error,error,error,error,error,error,error,error,error,error,error,error,error,error,error,error,error,error,error,error,error,error,error,error,
115,error,s10,error,error,error,error,error,error,error,error,error,error,error,error,error,error,s91,error,error,error,error,s110,error,error,s28,error,error,error,error,error,error,error,s1,error,error,error,error,error,error,error,error,error,error,error,r31,error,error,error,error,s37,error,error,error,s114,error,error,error,error,error,error,error,error,error,s39,error,error,error,s9,
114,error,r33,error,error,error,error,error,error,error,error,error,error,error,error,error,error,r33,error,error,error,error,r33,error,error,r33,error,error,error,error,error,error,error,r33,error,error,error,error,error,error,error,error,error,error,error,r33,error,error,error,error,r33,error,error,error,r33,error,error,error,error,error,error,error,error,error,r33,error,error,error,r33,
113,error,s10,error,error,error,error,error,error,error,error,error,error,error,error,error,error,s91,error,error,error,error,s110,error,error,s28,error,error,error,error,error,error,error,s1,error,error,error,error,error,error,error,error,error,error,error,r31,error,error,error,error,s37,error,error,error,s114,error,error,error,error,error,error,error,error,error,s39,error,error,error,s9,
112,error,r34,error,error,error,error,error,error,error,error,error,error,error,error,error,error,r34,error,error,error,error,r34,error,error,r34,error,error,error,error,error,error,error,r34,error,error,error,error,error,error,error,error,error,error,error,r34,error,error,error,error,r34,error,error,error,r34,error,error,error,error,error,error,error,error,error,r34,error,error,error,r34,
111,error,error,error,error,error,error,error,error,error,error,error,error,error,error,error,error,error,error,error,error,error,error,error,error,error,error,error,error,error,error,error,error,error,error,error,error,error,error,error,error,error,error,error,error,error,error,error,error,error,error,error,error,error,s120,error,error,error,error,error,error,error,error,error,error,error,error,error,error,
110,error,error,error,error,error,error,error,error,error,error,error,error,error,error,error,error,error,error,error,error,error,error,error,error,s28,error,error,error,error,error,error,error,error,error,error,error,error,error,error,error,error,error,error,error,error,error,error,error,error,s37,error,error,error,r44,error,error,error,error,error,error,error,error,error,s39,error,error,error,error,
109,error,error,error,error,error,error,error,error,error,error,error,error,error,error,error,error,error,error,error,error,error,error,error,error,error,error,error,error,error,error,error,error,error,error,error,error,error,error,error,error,error,error,error,error,s117,error,error,error,error,error,error,error,error,error,error,error,error,error,error,error,error,error,error,error,error,error,error,error,
108,error,error,error,error,error,error,error,error,error,error,error,error,error,error,error,error,error,error,error,error,error,error,error,error,error,error,r25,error,error,error,error,error,error,error,error,error,error,error,error,error,error,error,error,error,error,error,error,error,error,error,error,error,error,error,error,error,error,error,error,error,error,error,error,error,error,error,error,error,
107,error,error,r57,r57,r57,error,error,r57,error,error,error,error,error,error,error,error,error,error,error,error,error,error,error,error,error,error,r57,error,error,error,error,error,error,error,error,error,error,error,error,error,error,error,error,error,error,error,error,error,error,error,error,error,error,r57,error,error,error,error,error,error,error,error,error,error,error,error,error,error,
106,error,error,r55,r55,r55,error,error,r55,error,error,error,error,error,error,error,error,error,error,error,error,error,error,error,error,error,error,r55,error,error,error,error,error,error,error,error,error,error,error,error,error,error,error,error,error,error,error,error,error,error,error,error,error,error,r55,error,error,error,error,error,error,error,error,error,error,error,error,error,error,
105,error,error,r54,r54,r54,error,error,r54,error,error,error,error,error,error,error,error,error,error,error,error,error,error,error,error,error,error,r54,error,error,error,error,error,error,error,error,error,error,error,error,error,error,error,error,error,error,error,error,error,error,error,error,error,error,r54,error,error,error,error,error,error,error,error,error,error,error,error,error,error,
104,error,error,r56,r56,r56,error,error,r56,error,error,error,error,error,error,error,error,error,error,error,error,error,error,error,error,error,error,r56,error,error,error,error,error,error,error,error,error,error,error,error,error,error,error,error,error,error,error,error,error,error,error,error,error,error,r56,error,error,error,error,error,error,error,error,error,error,error,error,error,error,
103,error,error,r51,r51,error,error,error,error,error,error,error,error,error,error,error,error,error,error,error,error,error,error,error,error,error,error,r51,error,error,error,error,error,error,error,error,error,error,error,error,error,error,error,error,error,error,error,error,error,error,error,error,error,error,r51,error,error,error,error,error,error,error,error,error,error,error,error,error,error,
102,error,error,r50,r50,error,error,error,error,error,error,error,error,error,error,error,error,error,error,error,error,error,error,error,error,error,error,r50,error,error,error,error,error,error,error,error,error,error,error,error,error,error,error,error,error,error,error,error,error,error,error,error,error,error,r50,error,error,error,error,error,error,error,error,error,error,error,error,error,error,
101,error,error,r60,r60,r60,error,r60,r60,error,error,error,error,error,r60,error,error,error,error,error,error,error,error,error,error,error,error,r60,error,error,error,error,error,error,error,error,error,error,error,error,error,error,r60,error,error,error,error,error,error,error,error,error,error,error,r60,error,error,error,error,error,error,error,r60,error,error,error,error,error,error,
100,error,error,r61,r61,r61,error,r61,r61,error,error,error,error,error,r61,error,error,error,error,error,error,error,error,error,error,error,error,r61,error,error,error,error,error,error,error,error,error,error,error,error,error,error,r61,error,error,error,error,error,error,error,error,error,error,error,r61,error,error,error,error,error,error,error,r61,error,error,error,error,error,error,
99,error,error,r64,r64,r64,error,r64,r64,error,error,error,error,error,r64,error,error,error,error,error,error,error,error,error,error,error,error,r64,error,error,error,error,error,error,error,error,error,error,r64,error,error,error,r64,error,error,error,error,error,error,error,error,error,error,error,r64,error,error,error,error,error,error,error,r64,error,error,r64,error,error,error,
98,error,error,r65,r65,r65,error,r65,r65,error,error,error,error,error,r65,error,error,error,error,error,error,error,error,error,error,error,error,r65,error,error,error,error,error,error,error,error,error,error,r65,error,error,error,r65,error,error,error,error,error,error,error,error,error,error,error,r65,error,error,error,error,error,error,error,r65,error,error,r65,error,error,error,
97,error,error,r66,r66,r66,error,r66,r66,error,error,error,error,error,r66,error,error,error,error,error,error,error,error,error,error,error,error,r66,error,error,error,error,error,error,error,error,error,error,r66,error,error,error,r66,error,error,error,error,error,error,error,error,error,error,error,r66,error,error,error,error,error,error,error,r66,error,error,r66,error,error,error,
96,error,error,error,r47,error,error,error,error,error,error,error,error,error,error,error,error,error,error,error,error,error,error,error,error,error,error,r47,error,error,error,error,error,error,error,error,error,error,error,error,error,error,error,error,error,error,error,error,error,error,error,error,error,error,r47,error,error,error,error,error,error,error,error,error,error,error,error,error,error,
95,error,error,r36,r36,r36,r36,r36,r36,error,error,error,error,error,r36,error,error,error,error,error,error,error,error,error,error,error,error,r36,error,error,r36,error,error,error,error,error,error,error,r36,error,error,error,r36,error,error,error,error,error,error,error,error,error,error,error,r36,error,error,error,error,error,error,error,r36,error,error,r36,r36,error,error,
94,error,error,error,error,error,error,error,error,error,error,error,error,error,error,error,error,error,error,error,error,error,error,error,error,s28,error,error,error,error,error,error,error,error,error,error,error,error,error,error,error,error,error,error,error,error,error,error,error,error,s37,error,error,error,error,error,error,error,error,error,error,error,error,error,s39,error,error,error,error,
93,error,error,error,error,error,error,error,error,error,error,error,error,error,error,error,error,error,error,error,error,error,error,error,error,error,error,r39,error,error,error,error,error,error,error,error,error,error,error,error,error,error,error,error,error,error,error,error,error,error,error,error,error,error,error,error,error,error,error,error,error,error,error,error,error,error,error,error,error,
92,r21,r21,error,error,error,error,error,error,error,error,error,error,error,error,error,error,error,error,error,error,error,error,error,error,error,error,error,error,error,error,error,error,r21,r21,error,error,error,error,error,error,error,error,error,error,error,error,error,error,error,error,error,error,error,error,error,error,error,error,error,error,error,error,error,error,error,error,error,r21,
91,error,s10,error,error,error,error,error,error,error,error,error,error,error,error,error,error,s91,error,error,error,error,s110,error,error,s28,error,error,error,error,error,error,error,s1,error,error,error,error,error,error,error,error,error,error,error,r31,error,error,error,error,s37,error,error,error,s114,error,error,error,error,error,error,error,error,error,s39,error,error,error,s9,
90,error,error,error,s71,error,error,error,error,error,error,error,error,error,error,error,error,error,error,error,error,error,error,error,error,error,error,r26,error,error,error,error,error,error,error,error,error,error,error,error,error,error,error,error,error,error,error,error,error,error,error,error,error,error,error,error,error,error,error,error,error,error,error,error,error,error,error,error,error,
89,error,error,r58,r58,r58,error,s68,r58,error,error,error,error,error,s65,error,error,error,error,error,error,error,error,error,error,error,error,r58,error,error,error,error,error,error,error,error,error,error,error,error,error,error,s66,error,error,error,error,error,error,error,error,error,error,error,r58,error,error,error,error,error,error,error,s67,error,error,error,error,error,error,
88,error,error,r58,r58,r58,error,s68,r58,error,error,error,error,error,s65,error,error,error,error,error,error,error,error,error,error,error,error,r58,error,error,error,error,error,error,error,error,error,error,error,error,error,error,s66,error,error,error,error,error,error,error,error,error,error,error,r58,error,error,error,error,error,error,error,s67,error,error,error,error,error,error,
87,error,error,r58,r58,r58,error,s68,r58,error,error,error,error,error,s65,error,error,error,error,error,error,error,error,error,error,error,error,r58,error,error,error,error,error,error,error,error,error,error,error,error,error,error,s66,error,error,error,error,error,error,error,error,error,error,error,r58,error,error,error,error,error,error,error,s67,error,error,error,error,error,error,
86,error,error,r58,r58,r58,error,s68,r58,error,error,error,error,error,s65,error,error,error,error,error,error,error,error,error,error,error,error,r58,error,error,error,error,error,error,error,error,error,error,error,error,error,error,s66,error,error,error,error,error,error,error,error,error,error,error,r58,error,error,error,error,error,error,error,s67,error,error,error,error,error,error,
85,error,error,r52,r52,s63,error,error,s62,error,error,error,error,error,error,error,error,error,error,error,error,error,error,error,error,error,error,r52,error,error,error,error,error,error,error,error,error,error,error,error,error,error,error,error,error,error,error,error,error,error,error,error,error,error,r52,error,error,error,error,error,error,error,error,error,error,error,error,error,error,
84,error,error,r52,r52,s63,error,error,s62,error,error,error,error,error,error,error,error,error,error,error,error,error,error,error,error,error,error,r52,error,error,error,error,error,error,error,error,error,error,error,error,error,error,error,error,error,error,error,error,error,error,error,error,error,error,r52,error,error,error,error,error,error,error,error,error,error,error,error,error,error,
83,error,error,r62,r62,r62,error,r62,r62,error,error,error,error,error,r62,error,error,error,error,error,error,error,error,error,error,error,error,r62,error,error,error,error,error,error,error,error,error,error,s58,error,error,error,r62,error,error,error,error,error,error,error,error,error,error,error,r62,error,error,error,error,error,error,error,r62,error,error,s60,error,error,error,
82,error,error,r62,r62,r62,error,r62,r62,error,error,error,error,error,r62,error,error,error,error,error,error,error,error,error,error,error,error,r62,error,error,error,error,error,error,error,error,error,error,s58,error,error,error,r62,error,error,error,error,error,error,error,error,error,error,error,r62,error,error,error,error,error,error,error,r62,error,error,s60,error,error,error,
81,error,error,r67,r67,r67,s57,r67,r67,error,error,error,error,error,r67,error,error,error,error,error,error,error,error,error,error,error,error,r67,error,error,s54,error,error,error,error,error,error,error,r67,error,error,error,r67,error,error,error,error,error,error,error,error,error,error,error,r67,error,error,error,error,error,error,error,r67,error,error,r67,s56,error,error,
80,error,error,r67,r67,r67,s57,r67,r67,error,error,error,error,error,r67,error,error,error,error,error,error,error,error,error,error,error,error,r67,error,error,s54,error,error,error,error,error,error,error,r67,error,error,error,r67,error,error,error,error,error,error,error,error,error,error,error,r67,error,error,error,error,error,error,error,r67,error,error,r67,s56,error,error,
79,error,error,r67,r67,r67,s57,r67,r67,error,error,error,error,error,r67,error,error,error,error,error,error,error,error,error,error,error,error,r67,error,error,s54,error,error,error,error,error,error,error,r67,error,error,error,r67,error,error,error,error,error,error,error,error,error,error,error,r67,error,error,error,error,error,error,error,r67,error,error,r67,s56,error,error,
78,error,error,s53,r48,error,error,error,error,error,error,error,error,error,error,error,error,error,error,error,error,error,error,error,error,error,error,r48,error,error,error,error,error,error,error,error,error,error,error,error,error,error,error,error,error,error,error,error,error,error,error,error,error,error,r48,error,error,error,error,error,error,error,error,error,error,error,error,error,error,
77,error,error,error,error,error,error,error,error,error,error,error,error,error,error,error,error,error,error,error,error,error,error,error,error,error,error,s95,error,error,error,error,error,error,error,error,error,error,error,error,error,error,error,error,error,error,error,error,error,error,error,error,error,error,error,error,error,error,error,error,error,error,error,error,error,error,error,error,error,
76,error,error,error,r38,error,error,error,error,error,error,error,error,error,error,error,error,error,error,error,error,error,error,error,error,error,error,r38,error,error,error,error,error,error,error,error,error,error,error,error,error,error,error,error,error,error,error,error,error,error,error,error,error,error,error,error,error,error,error,error,error,error,error,error,error,error,error,error,error,
75,error,error,error,s94,error,error,error,error,error,error,error,error,error,error,error,error,error,error,error,error,error,error,error,error,error,error,r42,error,error,error,error,error,error,error,error,error,error,error,error,error,error,error,error,error,error,error,error,error,error,error,error,error,error,error,error,error,error,error,error,error,error,error,error,error,error,error,error,error,
74,error,error,error,error,error,error,error,error,error,error,error,error,error,error,error,error,error,error,error,error,error,error,error,error,error,error,error,error,error,error,error,error,error,error,error,error,error,error,error,error,error,error,error,error,error,error,error,error,error,error,error,error,error,r7,error,error,error,error,error,error,error,error,error,error,error,error,error,error,
73,error,error,error,error,error,error,error,error,error,error,error,error,error,error,error,error,s91,error,error,error,error,error,error,error,error,error,error,error,error,error,error,error,error,error,error,error,error,error,error,error,error,error,error,error,error,error,error,error,error,error,error,error,error,error,error,error,error,error,error,error,error,error,error,error,error,error,error,error,
72,error,error,error,r27,error,error,error,error,error,error,error,error,error,error,error,error,error,error,error,error,error,error,error,error,error,error,r27,error,error,error,error,error,error,error,error,error,error,error,error,error,error,error,error,error,error,error,error,error,error,error,error,error,error,error,error,error,error,error,error,error,error,error,error,error,error,error,error,error,
71,error,s10,error,error,error,error,error,error,error,error,error,error,error,error,error,error,error,error,error,error,error,error,error,error,error,error,error,error,error,error,error,error,error,error,error,error,error,error,error,error,error,error,error,error,error,error,error,error,error,error,error,error,error,error,error,error,error,error,error,error,error,error,error,error,error,error,error,s9,
70,error,error,error,error,error,error,error,error,error,error,error,error,error,error,error,error,error,error,error,error,error,error,error,error,error,error,r23,error,error,error,error,error,error,error,error,error,error,error,error,error,error,error,error,error,error,error,error,error,error,error,error,error,error,error,error,error,error,error,error,error,error,error,error,error,error,error,error,error,
69,error,error,error,error,error,error,error,error,error,error,error,error,error,error,error,error,error,error,error,error,error,error,error,error,error,error,error,error,error,error,error,error,error,error,error,error,error,error,error,error,error,error,error,error,error,error,error,error,error,error,error,error,error,r13,error,error,error,error,error,error,error,error,error,error,error,error,error,error,
68,error,error,error,error,error,error,error,error,error,error,error,error,error,error,error,error,error,error,error,error,error,error,error,error,s28,error,error,error,error,error,error,error,error,error,error,error,error,error,error,error,error,error,error,error,error,error,error,error,error,s37,error,error,error,error,error,error,error,error,error,error,error,error,error,s39,error,error,error,error,
67,error,error,error,error,error,error,error,error,error,error,error,error,error,error,error,error,error,error,error,error,error,error,error,error,s28,error,error,error,error,error,error,error,error,error,error,error,error,error,error,error,error,error,error,error,error,error,error,error,error,s37,error,error,error,error,error,error,error,error,error,error,error,error,error,s39,error,error,error,error,
66,error,error,error,error,error,error,error,error,error,error,error,error,error,error,error,error,error,error,error,error,error,error,error,error,s28,error,error,error,error,error,error,error,error,error,error,error,error,error,error,error,error,error,error,error,error,error,error,error,error,s37,error,error,error,error,error,error,error,error,error,error,error,error,error,s39,error,error,error,error,
65,error,error,error,error,error,error,error,error,error,error,error,error,error,error,error,error,error,error,error,error,error,error,error,error,s28,error,error,error,error,error,error,error,error,error,error,error,error,error,error,error,error,error,error,error,error,error,error,error,error,s37,error,error,error,error,error,error,error,error,error,error,error,error,error,s39,error,error,error,error,
64,error,error,r53,r53,r53,error,error,r53,error,error,error,error,error,error,error,error,error,error,error,error,error,error,error,error,error,error,r53,error,error,error,error,error,error,error,error,error,error,error,error,error,error,error,error,error,error,error,error,error,error,error,error,error,error,r53,error,error,error,error,error,error,error,error,error,error,error,error,error,error,
63,error,error,error,error,error,error,error,error,error,error,error,error,error,error,error,error,error,error,error,error,error,error,error,error,s28,error,error,error,error,error,error,error,error,error,error,error,error,error,error,error,error,error,error,error,error,error,error,error,error,s37,error,error,error,error,error,error,error,error,error,error,error,error,error,s39,error,error,error,error,
62,error,error,error,error,error,error,error,error,error,error,error,error,error,error,error,error,error,error,error,error,error,error,error,error,s28,error,error,error,error,error,error,error,error,error,error,error,error,error,error,error,error,error,error,error,error,error,error,error,error,s37,error,error,error,error,error,error,error,error,error,error,error,error,error,s39,error,error,error,error,
61,error,error,r49,r49,error,error,error,error,error,error,error,error,error,error,error,error,error,error,error,error,error,error,error,error,error,error,r49,error,error,error,error,error,error,error,error,error,error,error,error,error,error,error,error,error,error,error,error,error,error,error,error,error,error,r49,error,error,error,error,error,error,error,error,error,error,error,error,error,error,
60,error,error,error,error,error,error,error,error,error,error,error,error,error,error,error,error,error,error,error,error,error,error,error,error,s28,error,error,error,error,error,error,error,error,error,error,error,error,error,error,error,error,error,error,error,error,error,error,error,error,s37,error,error,error,error,error,error,error,error,error,error,error,error,error,s39,error,error,error,error,
59,error,error,r59,r59,r59,error,r59,r59,error,error,error,error,error,r59,error,error,error,error,error,error,error,error,error,error,error,error,r59,error,error,error,error,error,error,error,error,error,error,error,error,error,error,r59,error,error,error,error,error,error,error,error,error,error,error,r59,error,error,error,error,error,error,error,r59,error,error,error,error,error,error,
28,error,error,r37,r37,r37,r37,r37,r37,error,error,error,error,error,r37,error,error,error,error,error,error,error,error,s50,error,error,error,r37,error,error,r37,error,error,error,error,error,error,error,r37,error,error,error,r37,error,error,error,error,error,error,error,error,error,error,error,r37,error,error,error,error,error,error,error,r37,error,error,r37,r37,error,error,
27,error,error,error,error,error,error,error,error,error,error,error,error,error,error,error,error,error,error,error,error,error,error,error,error,s18,error,error,error,error,error,error,error,error,error,error,error,error,error,error,error,error,error,error,error,error,error,error,error,error,error,error,error,error,error,error,error,error,error,error,error,error,error,error,error,error,error,error,error,
26,error,error,error,error,error,error,error,error,error,error,error,error,error,error,error,error,error,error,error,error,error,error,error,error,error,error,error,error,error,error,error,error,error,error,error,error,error,error,error,error,error,error,error,error,error,error,error,error,error,error,error,error,error,s48,error,error,error,error,error,error,error,error,error,error,error,error,error,error,
25,error,error,error,error,error,error,error,error,error,error,error,error,error,error,error,error,error,error,error,error,error,error,error,error,s28,error,error,error,error,error,error,error,error,error,error,error,error,error,error,error,error,error,error,error,error,error,error,error,error,s37,error,error,error,error,error,error,error,error,error,error,error,error,error,s39,error,error,error,error,
24,error,s10,error,error,error,error,error,error,error,error,error,error,error,error,error,error,error,error,error,error,error,error,error,error,error,error,r24,error,error,error,error,error,error,error,error,error,error,error,error,error,error,error,error,error,error,error,error,error,error,error,error,error,error,error,error,error,error,error,error,error,error,error,error,error,error,error,error,s9,
23,error,error,error,error,error,error,error,error,error,error,error,error,error,error,error,error,error,error,error,error,error,error,error,error,s13,error,error,error,error,error,error,error,error,error,error,error,error,error,error,error,error,error,error,error,error,error,error,error,error,error,error,error,error,error,error,error,error,error,error,error,error,error,error,error,error,error,error,error,
22,error,error,error,error,error,error,error,error,error,error,error,error,error,error,error,error,error,error,error,error,error,error,error,error,error,error,error,error,error,error,error,error,error,error,error,error,error,error,error,error,error,error,error,error,error,error,error,error,error,error,error,error,error,s40,error,error,error,error,error,error,error,error,error,error,error,error,error,error,
21,error,error,error,error,error,error,error,error,error,error,error,error,error,error,error,error,error,error,error,error,error,error,error,error,s28,error,error,error,error,error,error,error,error,error,error,error,error,error,error,error,error,error,error,error,error,error,error,error,error,s37,error,error,error,error,error,error,error,error,error,error,error,error,error,s39,error,error,error,error,
20,error,error,error,r15,error,error,error,error,error,error,error,error,error,error,error,error,error,error,error,error,error,error,error,error,error,error,error,error,error,error,error,error,error,error,error,error,error,error,error,error,error,error,error,error,error,error,error,error,error,error,error,error,error,r15,error,error,error,error,error,error,error,error,error,error,error,error,error,error,
19,error,error,error,s27,error,error,error,error,error,error,error,error,error,error,error,error,error,error,error,error,error,error,error,error,error,error,error,error,error,error,error,error,error,error,error,error,error,error,error,error,error,error,error,error,error,error,error,error,error,error,error,error,error,r8,error,error,error,error,error,error,error,error,error,error,error,error,error,error,
18,error,error,s25,error,error,error,error,error,error,error,error,error,error,error,error,error,error,error,error,error,error,error,error,error,error,error,error,error,error,error,error,error,error,error,error,error,error,error,error,error,error,error,error,error,error,error,error,error,error,error,error,error,error,error,error,error,error,error,error,error,error,error,error,error,error,error,error,error,
17,error,error,error,error,error,error,error,error,error,error,error,error,error,error,error,error,error,error,error,error,error,error,s24,error,error,error,error,error,error,error,error,error,error,error,error,error,error,error,error,error,error,error,error,error,error,error,error,error,error,error,error,error,error,error,error,error,error,error,error,error,error,error,error,error,error,error,error,error,
16,error,error,error,error,error,error,error,error,error,error,error,error,error,error,error,error,error,error,error,error,error,error,error,error,error,error,error,error,error,error,error,error,error,r1,error,error,error,error,error,error,error,error,error,error,error,error,error,error,error,error,error,error,error,error,error,error,error,error,error,error,error,error,error,error,error,error,error,error,
15,error,error,error,error,error,error,error,error,error,error,error,error,error,error,error,error,error,error,error,error,error,error,error,error,error,error,error,error,error,error,error,error,error,r2,error,error,error,error,error,error,error,error,error,error,error,error,error,error,error,error,error,error,error,error,error,error,error,error,error,error,error,error,error,error,error,error,error,error,
14,error,error,error,s23,error,error,error,error,error,error,error,error,error,error,error,error,error,error,error,error,error,error,error,error,error,error,error,error,error,error,error,error,error,error,error,error,error,error,error,error,error,error,error,error,error,error,error,error,error,error,error,error,error,r14,error,error,error,error,error,error,error,error,error,error,error,error,error,error,
13,error,error,s21,r17,error,error,error,error,error,error,error,error,error,error,error,error,error,error,error,error,error,error,error,error,error,error,error,error,error,error,error,error,error,error,error,error,error,error,error,error,error,error,error,error,error,error,error,error,error,error,error,error,error,r17,error,error,error,error,error,error,error,error,error,error,error,error,error,error,
0,s11,s10,error,error,error,error,error,error,error,error,error,error,error,error,error,error,error,error,error,error,error,error,error,error,error,error,error,error,error,error,error,error,s1,r3,error,error,error,error,error,error,error,error,error,error,error,error,error,error,error,error,error,error,error,error,error,error,error,error,error,error,error,error,error,error,error,error,error,s9,
1,error,s10,error,error,error,error,error,error,error,error,error,error,error,error,error,error,error,error,error,error,error,error,error,error,error,error,error,error,error,error,error,error,error,error,error,error,error,error,error,error,error,error,error,error,error,error,error,error,error,error,error,error,error,error,error,error,error,error,error,error,error,error,error,error,error,error,error,s9,
2,error,error,error,error,error,error,error,error,error,error,error,error,error,error,error,error,error,error,error,error,error,error,error,error,error,error,error,error,error,error,error,error,error,acc,error,error,error,error,error,error,error,error,error,error,error,error,error,error,error,error,error,error,error,error,error,error,error,error,error,error,error,error,error,error,error,error,error,error,
3,r4,r4,error,error,error,error,error,error,error,error,error,error,error,error,error,error,r4,error,error,error,error,r4,error,error,r4,error,error,error,error,error,error,error,r4,r4,error,error,error,error,error,error,error,error,error,error,r4,error,error,error,error,r4,error,error,error,r4,error,error,error,error,error,error,error,error,error,r4,error,error,error,r4,
4,r5,r5,error,error,error,error,error,error,error,error,error,error,error,error,error,error,r5,error,error,error,error,r5,error,error,r5,error,error,error,error,error,error,error,r5,r5,error,error,error,error,error,error,error,error,error,error,r5,error,error,error,error,r5,error,error,error,r5,error,error,error,error,error,error,error,error,error,r5,error,error,error,r5,
5,error,error,error,error,error,error,error,error,error,error,error,error,error,error,error,error,error,error,error,error,error,error,error,error,s13,error,error,error,error,error,error,error,error,error,error,error,error,error,error,error,error,error,error,error,error,error,error,error,error,error,error,error,error,error,error,error,error,error,error,error,error,error,error,error,error,error,error,error,
6,s11,s10,error,error,error,error,error,error,error,error,error,error,error,error,error,error,error,error,error,error,error,error,error,error,error,error,error,error,error,error,error,error,s1,r3,error,error,error,error,error,error,error,error,error,error,error,error,error,error,error,error,error,error,error,error,error,error,error,error,error,error,error,error,error,error,error,error,error,s9,
7,s11,s10,error,error,error,error,error,error,error,error,error,error,error,error,error,error,error,error,error,error,error,error,error,error,error,error,error,error,error,error,error,error,s1,r3,error,error,error,error,error,error,error,error,error,error,error,error,error,error,error,error,error,error,error,error,error,error,error,error,error,error,error,error,error,error,error,error,error,s9,
8,error,error,error,error,error,error,error,error,error,error,error,error,error,error,error,error,error,error,error,error,error,error,error,error,s17,error,error,error,error,error,error,error,error,error,error,error,error,error,error,error,error,error,error,error,error,error,error,error,error,error,error,error,error,error,error,error,error,error,error,error,error,error,error,error,error,error,error,error,
9,error,error,error,error,error,error,error,error,error,error,error,error,error,error,error,error,error,error,error,error,error,error,error,error,r20,error,error,error,error,error,error,error,error,error,error,error,error,error,error,error,error,error,error,error,error,error,error,error,error,error,error,error,error,error,error,error,error,error,error,error,error,error,error,error,error,error,error,error,
10,error,error,error,error,error,error,error,error,error,error,error,error,error,error,error,error,error,error,error,error,error,error,error,error,r19,error,error,error,error,error,error,error,error,error,error,error,error,error,error,error,error,error,error,error,error,error,error,error,error,error,error,error,error,error,error,error,error,error,error,error,error,error,error,error,error,error,error,error,
11,error,error,error,error,error,error,error,error,error,error,error,error,error,error,error,error,error,error,error,error,error,error,error,error,r22,error,error,error,error,error,error,error,error,error,error,error,error,error,error,error,error,error,error,error,error,error,error,error,error,error,error,error,error,error,error,error,error,error,error,error,error,error,error,error,error,error,error,error,
12,error,error,error,error,error,error,error,error,error,error,error,error,error,error,error,error,error,error,error,error,error,error,error,error,s18,error,error,error,error,error,error,error,error,error,error,error,error,error,error,error,error,error,error,error,error,error,error,error,error,error,error,error,error,error,error,error,error,error,error,error,error,error,error,error,error,error,error,error,
29,error,error,s53,r48,error,error,error,error,error,error,error,error,error,error,error,error,error,error,error,error,error,error,error,error,error,error,r48,error,error,error,error,error,error,error,error,error,error,error,error,error,error,error,error,error,error,error,error,error,error,error,error,error,error,r48,error,error,error,error,error,error,error,error,error,error,error,error,error,error,
30,error,error,r67,r67,r67,s57,r67,r67,error,error,error,error,error,r67,error,error,error,error,error,error,error,error,error,error,error,error,r67,error,error,s54,error,error,error,error,error,error,error,r67,error,error,error,r67,error,error,error,error,error,error,error,error,error,error,error,r67,error,error,error,error,error,error,error,r67,error,error,r67,s56,error,error,
31,error,error,r62,r62,r62,error,r62,r62,error,error,error,error,error,r62,error,error,error,error,error,error,error,error,error,error,error,error,r62,error,error,error,error,error,error,error,error,error,error,s58,error,error,error,r62,error,error,error,error,error,error,error,error,error,error,error,r62,error,error,error,error,error,error,error,r62,error,error,s60,error,error,error,
32,error,error,r52,r52,s63,error,error,s62,error,error,error,error,error,error,error,error,error,error,error,error,error,error,error,error,error,error,r52,error,error,error,error,error,error,error,error,error,error,error,error,error,error,error,error,error,error,error,error,error,error,error,error,error,error,r52,error,error,error,error,error,error,error,error,error,error,error,error,error,error,
33,error,error,error,r16,error,error,error,error,error,error,error,error,error,error,error,error,error,error,error,error,error,error,error,error,error,error,error,error,error,error,error,error,error,error,error,error,error,error,error,error,error,error,error,error,error,error,error,error,error,error,error,error,error,r16,error,error,error,error,error,error,error,error,error,error,error,error,error,error,
34,error,error,error,r18,error,error,error,error,error,error,error,error,error,error,error,error,error,error,error,error,error,error,error,error,error,error,error,error,error,error,error,error,error,error,error,error,error,error,error,error,error,error,error,error,error,error,error,error,error,error,error,error,error,r18,error,error,error,error,error,error,error,error,error,error,error,error,error,error,
35,error,error,r58,r58,r58,error,s68,r58,error,error,error,error,error,s65,error,error,error,error,error,error,error,error,error,error,error,error,r58,error,error,error,error,error,error,error,error,error,error,error,error,error,error,s66,error,error,error,error,error,error,error,error,error,error,error,r58,error,error,error,error,error,error,error,s67,error,error,error,error,error,error,
36,error,error,r70,r70,r70,r70,r70,r70,error,error,error,error,error,r70,error,error,error,error,error,error,error,error,error,error,error,error,r70,error,error,r70,error,error,error,error,error,error,error,r70,error,error,error,r70,error,error,error,error,error,error,error,error,error,error,error,r70,error,error,error,error,error,error,error,r70,error,error,r70,r70,error,error,
37,error,error,r69,r69,r69,r69,r69,r69,error,error,error,error,error,r69,error,error,error,error,error,error,error,error,error,error,error,error,r69,error,error,r69,error,error,error,error,error,error,error,r69,error,error,error,r69,error,error,error,error,error,error,error,error,error,error,error,r69,error,error,error,error,error,error,error,r69,error,error,r69,r69,error,error,
38,error,error,error,r45,error,error,error,error,error,error,error,error,error,error,error,error,error,error,error,error,error,error,error,error,error,error,r45,error,error,error,error,error,error,error,error,error,error,error,error,error,error,error,error,error,error,error,error,error,error,error,error,error,error,r45,error,error,error,error,error,error,error,error,error,error,error,error,error,error,
39,error,error,r68,r68,r68,r68,r68,r68,error,error,error,error,error,r68,error,error,error,error,error,error,error,error,error,error,error,error,r68,error,error,r68,error,error,error,error,error,error,error,r68,error,error,error,r68,error,error,error,error,error,error,error,error,error,error,error,r68,error,error,error,error,error,error,error,r68,error,error,r68,r68,error,error,
40,r12,r12,error,error,error,error,error,error,error,error,error,error,error,error,error,error,r12,error,error,error,error,r12,error,error,r12,error,error,error,error,error,error,error,r12,r12,error,error,error,error,error,error,error,error,error,error,r12,error,error,error,error,r12,error,error,error,r12,error,error,error,error,error,error,error,error,error,r12,error,error,error,r12,
41,error,error,error,s23,error,error,error,error,error,error,error,error,error,error,error,error,error,error,error,error,error,error,error,error,error,error,error,error,error,error,error,error,error,error,error,error,error,error,error,error,error,error,error,error,error,error,error,error,error,error,error,error,error,r14,error,error,error,error,error,error,error,error,error,error,error,error,error,error,
42,error,error,error,s71,error,error,error,error,error,error,error,error,error,error,error,error,error,error,error,error,error,error,error,error,error,error,r26,error,error,error,error,error,error,error,error,error,error,error,error,error,error,error,error,error,error,error,error,error,error,error,error,error,error,error,error,error,error,error,error,error,error,error,error,error,error,error,error,error,
43,error,error,error,error,error,error,error,error,error,error,error,error,error,error,error,error,error,error,error,error,error,error,error,error,s72,error,error,error,error,error,error,error,error,error,error,error,error,error,error,error,error,error,error,error,error,error,error,error,error,error,error,error,error,error,error,error,error,error,error,error,error,error,error,error,error,error,error,error,
44,error,error,error,error,error,error,error,error,error,error,error,error,error,error,error,error,error,error,error,error,error,error,error,error,error,error,s73,error,error,error,error,error,error,error,error,error,error,error,error,error,error,error,error,error,error,error,error,error,error,error,error,error,error,error,error,error,error,error,error,error,error,error,error,error,error,error,error,error,
45,error,error,error,r9,error,error,error,error,error,error,error,error,error,error,error,error,error,error,error,error,error,error,error,error,error,error,error,error,error,error,error,error,error,error,error,error,error,error,error,error,error,error,error,error,error,error,error,error,error,error,error,error,error,r9,error,error,error,error,error,error,error,error,error,error,error,error,error,error,
46,error,error,error,r10,error,error,error,error,error,error,error,error,error,error,error,error,error,error,error,error,error,error,error,error,error,error,error,error,error,error,error,error,error,error,error,error,error,error,error,error,error,error,error,error,error,error,error,error,error,error,error,error,error,r10,error,error,error,error,error,error,error,error,error,error,error,error,error,error,
47,error,error,error,r11,error,error,error,error,error,error,error,error,error,error,error,error,error,error,error,error,error,error,error,error,error,error,error,error,error,error,error,error,error,error,error,error,error,error,error,error,error,error,error,error,error,error,error,error,error,error,error,error,error,r11,error,error,error,error,error,error,error,error,error,error,error,error,error,error,
48,r6,r6,error,error,error,error,error,error,error,error,error,error,error,error,error,error,r6,error,error,error,error,r6,error,error,r6,error,error,error,error,error,error,error,r6,r6,error,error,error,error,error,error,error,error,error,error,r6,error,error,error,error,r6,error,error,error,r6,error,error,error,error,error,error,error,error,error,r6,error,error,error,r6,
49,error,error,error,s27,error,error,error,error,error,error,error,error,error,error,error,error,error,error,error,error,error,error,error,error,error,error,error,error,error,error,error,error,error,error,error,error,error,error,error,error,error,error,error,error,error,error,error,error,error,error,error,error,error,r8,error,error,error,error,error,error,error,error,error,error,error,error,error,error,
50,error,error,error,error,error,error,error,error,error,error,error,error,error,error,error,error,error,error,error,error,error,error,error,error,s28,error,r40,error,error,error,error,error,error,error,error,error,error,error,error,error,error,error,error,error,error,error,error,error,error,s37,error,error,error,error,error,error,error,error,error,error,error,error,error,s39,error,error,error,error,
51,error,error,r71,r71,r71,r71,r71,r71,error,error,error,error,error,r71,error,error,error,error,error,error,error,error,error,error,error,error,r71,error,error,r71,error,error,error,error,error,error,error,r71,error,error,error,r71,error,error,error,error,error,error,error,error,error,error,error,r71,error,error,error,error,error,error,error,r71,error,error,r71,r71,error,error,
52,error,error,error,r46,error,error,error,error,error,error,error,error,error,error,error,error,error,error,error,error,error,error,error,error,error,error,r46,error,error,error,error,error,error,error,error,error,error,error,error,error,error,error,error,error,error,error,error,error,error,error,error,error,error,r46,error,error,error,error,error,error,error,error,error,error,error,error,error,error,
53,error,error,error,error,error,error,error,error,error,error,error,error,error,error,error,error,error,error,error,error,error,error,error,error,s28,error,error,error,error,error,error,error,error,error,error,error,error,error,error,error,error,error,error,error,error,error,error,error,error,s37,error,error,error,error,error,error,error,error,error,error,error,error,error,s39,error,error,error,error,
54,error,error,error,error,error,error,error,error,error,error,error,error,error,error,error,error,error,error,error,error,error,error,error,error,s28,error,error,error,error,error,error,error,error,error,error,error,error,error,error,error,error,error,error,error,error,error,error,error,error,s37,error,error,error,error,error,error,error,error,error,error,error,error,error,s39,error,error,error,error,
55,error,error,r63,r63,r63,error,r63,r63,error,error,error,error,error,r63,error,error,error,error,error,error,error,error,error,error,error,error,r63,error,error,error,error,error,error,error,error,error,error,r63,error,error,error,r63,error,error,error,error,error,error,error,error,error,error,error,r63,error,error,error,error,error,error,error,r63,error,error,r63,error,error,error,
56,error,error,error,error,error,error,error,error,error,error,error,error,error,error,error,error,error,error,error,error,error,error,error,error,s28,error,error,error,error,error,error,error,error,error,error,error,error,error,error,error,error,error,error,error,error,error,error,error,error,s37,error,error,error,error,error,error,error,error,error,error,error,error,error,s39,error,error,error,error,
57,error,error,error,error,error,error,error,error,error,error,error,error,error,error,error,error,error,error,error,error,error,error,error,error,s28,error,error,error,error,error,error,error,error,error,error,error,error,error,error,error,error,error,error,error,error,error,error,error,error,s37,error,error,error,error,error,error,error,error,error,error,error,error,error,s39,error,error,error,error,
58,error,error,error,error,error,error,error,error,error,error,error,error,error,error,error,error,error,error,error,error,error,error,error,error,s28,error,error,error,error,error,error,error,error,error,error,error,error,error,error,error,error,error,error,error,error,error,error,error,error,s37,error,error,error,error,error,error,error,error,error,error,error,error,error,s39,error,error,error,error,
